id;paymentmethodid;categoryid;url;apiurl;apikey;key_2;key_3;key_4;phonenumber;chanel;code;username;password;createdat;updatedat
1;98488;56367;https://queen.net;hack parsing Planner;SAS program firewall;Intelligent Auto Loan Account;end-to-end utilisation white;Tools virtual neural-net;copy;Checking Account Handcrafted Steel Shirt;indigo Pennsylvania;Implementation;Money Market Account monetize;2020-02-11T10:39:14;2020-02-12T01:26:59
2;27156;58664;http://brianne.org;Paradigm Lead;24/7;experiences Alaska;open-source Extended;Cambridgeshire holistic;Ergonomic;ADP;maximized Bedfordshire Chief;Wooden;payment;2020-02-11T16:14:11;2020-02-11T19:00:22
3;34325;54689;http://deangelo.net;Books Coordinator Chief;scale content Consultant;technologies visionary;Fresh;indexing;Salad;Fantastic Unbranded Metal Keyboard Central;sensor Fresh Drive;application;metrics Vietnam vertical;2020-02-12T06:07:07;2020-02-12T05:36:09
4;18096;94724;http://delbert.biz;Intelligent Incredible;Industrial Squares Dynamic;bandwidth optimize SCSI;multi-byte Montenegro;Maryland;Rubber;transmitting;compress purple;Ergonomic;Buckinghamshire Customer open system;2020-02-12T05:10:45;2020-02-11T21:01:53
5;43040;20473;http://ariane.info;Louisiana hacking transmitter;invoice;streamline fuchsia Table;Wooden Way;Handmade;program access;1080p e-markets Incredible Concrete Pants;Developer;Saint Lucia Object-based;Investment Account Games Borders;2020-02-11T17:01:02;2020-02-12T03:28:23
6;1885;95298;http://elisha.com;Personal Loan Account quantify;copy;navigating;parse Industrial;markets;Operations;Home Loan Account Licensed Rubber Tuna Bike;hacking interactive Games;Kids Borders object-oriented;Car;2020-02-11T20:40:54;2020-02-12T07:52:18
7;58951;98324;https://ray.name;grid-enabled Refined PCI;secondary Jewelery Electronics;Mexico Incredible Rubber Keyboard;reboot;Towels virtual Palladium;recontextualize;deposit Technician;knowledge user;Corporate PNG multi-byte;Intranet;2020-02-11T19:25:00;2020-02-11T22:00:46
8;75132;93673;http://brandyn.com;networks deposit;generating Coordinator copying;pink drive Bacon;Peso Uruguayo Uruguay Peso en Unidades Indexadas middleware Bedfordshire;Keyboard Rustic Rubber Chips;grey eyeballs;architectures;feed;tan;SMTP;2020-02-11T20:24:49;2020-02-12T05:25:28
9;90682;97518;https://gilda.biz;Rubber Legacy;Cordoba Oro;strategize Tuna;customer loyalty Practical;sexy help-desk niches;FTP;Practical Wooden Bacon context-sensitive Bacon;technologies;invoice workforce;Illinois hacking;2020-02-12T00:10:38;2020-02-11T11:31:39
10;47621;3960;https://hilton.net;Manor;Harbor green override;HTTP;supply-chains Toys Fantastic;Idaho deposit;enhance;Savings Account;Money Market Account orchid;sensor;Awesome Metal Car;2020-02-12T05:36:29;2020-02-12T00:15:42
