id;slug;userid;name;islock;lockdelay;about;fullname;defaultlanguage;postalcode;phones;website;facebook;twitter;gplus;linkedin;instagram;othercontacts;otherfields;createdat;updatedat
1;connecting Romania;17681;Automated navigate Wooden;false;2020-02-11T14:37:40;../fake-data/blob/hipster.txt;optical HDD deposit;Functionality Haiti SCSI;Managed quantifying;Mouse User-centric Investment Account;Cambridgeshire clicks-and-mortar Tools;South Carolina;relationships Legacy;invoice Assistant strategy;primary;copy Unbranded Concrete Fish;../fake-data/blob/hipster.txt;../fake-data/blob/hipster.txt;2020-02-12T03:46:24;2020-02-12T05:33:55
2;Borders;15342;cultivate superstructure;true;2020-02-12T08:59:18;../fake-data/blob/hipster.txt;compressing;Tasty Soft Table magnetic;time-frame;next-generation;Maryland Awesome District;Rubber disintermediate Maine;cross-media generate array;Investor user-centric;South Dakota;alarm Global;../fake-data/blob/hipster.txt;../fake-data/blob/hipster.txt;2020-02-12T03:48:33;2020-02-11T21:39:04
3;Key;41938;Florida;false;2020-02-11T20:47:18;../fake-data/blob/hipster.txt;brand array Intelligent;Computer bi-directional cultivate;AI Kuwait;Investment Account feed EXE;Health Steel New Mexico;New Mexico Sleek primary;policy Mississippi;Drives Programmable Handmade Plastic Chicken;communities Manager;contextually-based;../fake-data/blob/hipster.txt;../fake-data/blob/hipster.txt;2020-02-11T23:23:05;2020-02-11T17:17:47
4;JSON Executive metrics;18154;hacking;true;2020-02-11T21:12:08;../fake-data/blob/hipster.txt;Assistant;transmit Soap;HDD Intranet Specialist;payment;iterate incubate Home;Cambridgeshire Kids cross-platform;Arkansas Massachusetts Refined Metal Chips;SCSI;Towels;indexing Hills Walks;../fake-data/blob/hipster.txt;../fake-data/blob/hipster.txt;2020-02-11T15:57:57;2020-02-12T07:37:09
5;Unbranded Steel Chips;14399;solid state Point;true;2020-02-12T07:59:49;../fake-data/blob/hipster.txt;Re-contextualized parse collaborative;Money Market Account Keyboard JSON;Open-architected;empower mobile fuchsia;payment solid state;multi-byte Specialist olive;eyeballs Pakistan;efficient transmitting;harness;Data Investment Account sensor;../fake-data/blob/hipster.txt;../fake-data/blob/hipster.txt;2020-02-11T16:36:25;2020-02-12T06:25:12
6;Multi-lateral flexibility;40223;Awesome Steel Sausages 24/7;false;2020-02-12T06:55:30;../fake-data/blob/hipster.txt;Unbranded Granite Shoes index Coves;Implementation;Networked;Colorado optimizing Towels;Soft back up Meadow;6th generation;Licensed Steel Chicken;Usability Locks CSS;SDD brand invoice;Corporate innovate;../fake-data/blob/hipster.txt;../fake-data/blob/hipster.txt;2020-02-11T13:40:15;2020-02-12T09:48:05
7;Rupiah SCSI Grocery;42577;Solomon Islands Dollar Chief;true;2020-02-12T07:10:25;../fake-data/blob/hipster.txt;concept CFA Franc BEAC Handmade;New Hampshire Intelligent;ivory card;Missouri protocol Shirt;neural Rustic Metal Chicken;Steel payment;calculate online asymmetric;Connecticut mobile Communications;Turkish Lira Assistant Programmable;multimedia optimal SQL;../fake-data/blob/hipster.txt;../fake-data/blob/hipster.txt;2020-02-11T21:11:58;2020-02-11T22:44:34
8;Garden;70927;matrix;true;2020-02-11T12:02:55;../fake-data/blob/hipster.txt;Bhutan Applications;Fresh;programming Health;utilisation Concrete;world-class;Solutions frictionless;Small Small e-commerce;lavender Distributed;Cotton Shoes neutral;Bedfordshire Oregon program;../fake-data/blob/hipster.txt;../fake-data/blob/hipster.txt;2020-02-11T13:42:26;2020-02-11T11:56:10
9;withdrawal Frozen;70713;Cheese Intranet synthesize;false;2020-02-11T18:21:43;../fake-data/blob/hipster.txt;Concrete Buckinghamshire;parsing Central;Movies Roads;Handmade;Tasty Croatian Kuna;functionalities Marshall Islands Licensed Cotton Shirt;Platinum;Supervisor Automotive;Yuan Renminbi Money Market Account;Bedfordshire Shoal Cotton;../fake-data/blob/hipster.txt;../fake-data/blob/hipster.txt;2020-02-11T23:52:27;2020-02-11T19:37:58
10;deposit;67785;application Table;false;2020-02-12T01:37:41;../fake-data/blob/hipster.txt;Uruguay asynchronous cross-platform;West Virginia olive Implementation;connecting mindshare Paradigm;orange violet alliance;indexing;bluetooth non-volatile;Versatile Fresh;Unbranded;multi-state Metal transmitting;Fantastic;../fake-data/blob/hipster.txt;../fake-data/blob/hipster.txt;2020-02-12T05:50:18;2020-02-11T11:47:55
