id;categoryid;productid;evenementid;slug;name;islock;lockdelay;about;title;tag;tagcolor;postalcode;phones;website;facebook;twitter;gplus;linkedin;instagram;email;position;othercontacts;otherfields;createdat;updatedat
1;83800;18319;49295;Garden Games;salmon Money Market Account;false;2020-01-21T07:27:58;../fake-data/blob/hipster.txt;knowledge user Generic;Metal Licensed;RED;ubiquitous;best-of-breed;zero defect synthesizing Islands;panel;Fantastic Steel Fish Small Cotton Car Executive;JBOD;Cambridgeshire protocol;Small;Odie66@yahoo.com;25633;../fake-data/blob/hipster.txt;../fake-data/blob/hipster.txt;2020-01-20T23:22:45;2020-01-21T14:38:09
2;77939;3362;81814;Towels teal optical;Tuna card EXE;true;2020-01-21T01:33:36;../fake-data/blob/hipster.txt;Tactics Accounts Mouse;Strategist Home;YELLOW;protocol;back-end Algerian Dinar Senior;cross-platform;Toys;Licensed Manager;knowledge base Cheese Personal Loan Account;Agent;Bacon;Emanuel89@gmail.com;3718;../fake-data/blob/hipster.txt;../fake-data/blob/hipster.txt;2020-01-21T14:50:16;2020-01-21T03:00:00
3;81350;84520;78184;Plastic Rubber bypassing;Skyway Organic;true;2020-01-21T15:23:18;../fake-data/blob/hipster.txt;local area network;compress;RED;firewall compressing Metal;Bedfordshire;copying;Unbranded Rubber Mouse;Danish Krone;Point Electronics Ports;Auto Loan Account;neural Garden;Clifford82@yahoo.com;91535;../fake-data/blob/hipster.txt;../fake-data/blob/hipster.txt;2020-01-21T06:30:51;2020-01-21T06:47:51
4;30958;81858;60968;feed virtual;SMS Berkshire Manager;false;2020-01-20T17:10:15;../fake-data/blob/hipster.txt;protocol;Personal Loan Account facilitate relationships;BLACK;Fresh;auxiliary enhance;Frozen Engineer;backing up program;Steel Designer e-enable;Clothing Cambridgeshire Benin;value-added dedicated;San Marino Refined Rubber Shirt;Tabitha.Sipes91@hotmail.com;62496;../fake-data/blob/hipster.txt;../fake-data/blob/hipster.txt;2020-01-21T05:22:13;2020-01-21T05:51:49
5;25881;99104;33584;payment 1080p zero administration;web services;true;2020-01-21T10:28:19;../fake-data/blob/hipster.txt;Nebraska;monitor lime;BLACK;niches;Vermont red Ameliorated;Global;Arizona;Product;Digitized;Producer niches Cheese;red Music Kids;Franz62@hotmail.com;26727;../fake-data/blob/hipster.txt;../fake-data/blob/hipster.txt;2020-01-21T04:36:27;2020-01-21T06:45:34
6;41067;59363;76173;Ergonomic Frozen Pizza;PNG Place circuit;false;2020-01-21T05:50:33;../fake-data/blob/hipster.txt;olive;transmit Security;GREEN;Handmade;solid state invoice Checking Account;Computers;synergies Rustic Steel Salad non-volatile;multi-byte Wooden;Bypass Bulgarian Lev Avon;Function-based parse Home;magenta;Aniyah.Lubowitz@yahoo.com;65472;../fake-data/blob/hipster.txt;../fake-data/blob/hipster.txt;2020-01-21T15:20:47;2020-01-21T01:50:39
7;57372;49140;76146;portals Specialist Fantastic;Global Somali Shilling niches;false;2020-01-20T19:26:38;../fake-data/blob/hipster.txt;Panama Director wireless;driver;GREEN;Jewelery user-centric;global input;Stravenue;program;applications logistical Lead;synergies Ergonomic Fresh Ball;Games recontextualize;Australian Dollar Rufiyaa;Ricardo60@gmail.com;81978;../fake-data/blob/hipster.txt;../fake-data/blob/hipster.txt;2020-01-21T05:47:43;2020-01-20T20:52:07
8;23175;24457;32221;Berkshire Checking Account open-source;indexing;false;2020-01-20T19:16:35;../fake-data/blob/hipster.txt;Fantastic Concrete Tuna Cambridgeshire;integrated;BLACK;Bahraini Dinar Ergonomic orange;ADP;Rustic;Savings Account Islands;Designer Iowa lavender;revolutionary;payment withdrawal input;morph Handmade Steel Computer;Kyler_Koepp@gmail.com;43610;../fake-data/blob/hipster.txt;../fake-data/blob/hipster.txt;2020-01-20T18:29:25;2020-01-21T04:26:11
9;99765;19646;25775;Chips Heights client-server;circuit;false;2020-01-21T11:59:56;../fake-data/blob/hipster.txt;Response infrastructures;Investment Account Buckinghamshire;GREEN;Gorgeous redefine Mississippi;PCI;protocol red;connect Investment Account;SSL Bike;metrics Investment Account Personal Loan Account;Concrete Engineer;Cuba content;Aryanna.Boehm@gmail.com;95866;../fake-data/blob/hipster.txt;../fake-data/blob/hipster.txt;2020-01-20T19:43:17;2020-01-20T21:58:03
10;297;48643;15263;solid state Human;Ball Savings Account;true;2020-01-21T09:30:54;../fake-data/blob/hipster.txt;distributed Pataca;haptic synergy bypass;YELLOW;Functionality;Ethiopian Birr;Money Market Account empower;Bike;AI Hat Towels;Technician;Architect;Architect Concrete;Kristin70@yahoo.com;22399;../fake-data/blob/hipster.txt;../fake-data/blob/hipster.txt;2020-01-21T08:16:51;2020-01-21T13:40:02
