id;categoryid;productid;evenementid;slug;name;islock;lockdelay;about;title;tag;tagcolor;postalcode;phones;website;facebook;twitter;gplus;linkedin;instagram;email;othercontacts;otherfields;createdat;updatedat
1;63444;84771;65179;Distributed Frozen Synergistic;navigating protocol;true;2020-02-12T07:24:00;../fake-data/blob/hipster.txt;action-items reinvent wireless;invoice Fish Facilitator;RED;deposit Mouse architect;Licensed Fresh Keyboard Optional;New Jersey Expanded Music;Books;invoice;withdrawal 24/7 rich;Virgin Islands, British navigating Practical Fresh Car;Small;Cleta.Hudson16@gmail.com;../fake-data/blob/hipster.txt;../fake-data/blob/hipster.txt;2020-02-13T05:17:59;2020-02-12T12:11:06
2;70291;90651;23218;Computers Sleek;payment;false;2020-02-12T16:59:12;../fake-data/blob/hipster.txt;fault-tolerant auxiliary;Intelligent database;BLUE;Managed bypass payment;New Jersey Frozen;Meadow;responsive value-added Cambridgeshire;Gambia open-source;leverage haptic tertiary;hard drive firewall leverage;San Marino Cliff envisioneer;Berry80@gmail.com;../fake-data/blob/hipster.txt;../fake-data/blob/hipster.txt;2020-02-12T19:32:36;2020-02-12T21:53:48
3;78855;52405;92644;withdrawal;copy scale Shoes;true;2020-02-12T17:09:51;../fake-data/blob/hipster.txt;Fields;synthesize;GREEN;mindshare;gold cross-media Bedfordshire;Plains models navigating;Tasty Rubber Car;emulation;copy Books Cameroon;instruction set Steel markets;Future instruction set Investor;Marisol28@yahoo.com;../fake-data/blob/hipster.txt;../fake-data/blob/hipster.txt;2020-02-12T23:48:06;2020-02-13T03:08:07
4;66070;6346;64105;Ferry Fantastic Plastic Hat;Island;true;2020-02-12T13:06:21;../fake-data/blob/hipster.txt;Rustic Steel Tuna;Shoes leading-edge;GREEN;Court;Producer;Usability Kuwaiti Dinar;program Springs;Bedfordshire input Graphic Interface;invoice Metal;Investment Account Administrator JBOD;Maryland Computers;Deontae_Torp@gmail.com;../fake-data/blob/hipster.txt;../fake-data/blob/hipster.txt;2020-02-12T14:30:14;2020-02-12T20:10:54
5;29972;79544;32567;XSS;Tasty Saint Kitts and Nevis;true;2020-02-13T00:23:30;../fake-data/blob/hipster.txt;Right-sized ubiquitous;Utah payment;RED;generate Credit Card Account frictionless;maximize Future Gold;Product hard drive matrix;Avon Buckinghamshire multi-byte;backing up Tasty circuit;Handmade generating New Taiwan Dollar;Wooden;Avon;Dandre82@gmail.com;../fake-data/blob/hipster.txt;../fake-data/blob/hipster.txt;2020-02-13T03:46:14;2020-02-12T15:39:11
6;58047;82237;94715;Shoes;Guatemala interface;false;2020-02-12T19:42:58;../fake-data/blob/hipster.txt;Checking Account;Multi-tiered bluetooth Metal;GREEN;Togo Global portal;Technician;zero administration Object-based;Idaho Kuwaiti Dinar;migration;installation calculate;Investment Account;Supervisor Automotive;Rahul.Feeney75@hotmail.com;../fake-data/blob/hipster.txt;../fake-data/blob/hipster.txt;2020-02-13T06:38:24;2020-02-13T03:11:01
7;88496;76760;18526;plum;Tactics compressing teal;true;2020-02-12T18:51:10;../fake-data/blob/hipster.txt;Lock FTP;Marketing;BLACK;Reverse-engineered Gorgeous Concrete Chips;PNG;Hawaii revolutionize;Toys Down-sized;Marketing Wooden;user-centric;Product;Handmade;Trisha_Kihn@hotmail.com;../fake-data/blob/hipster.txt;../fake-data/blob/hipster.txt;2020-02-13T05:37:34;2020-02-13T01:40:20
8;20995;23350;7177;Investment Account bottom-line;innovative architectures Managed;true;2020-02-12T18:49:05;../fake-data/blob/hipster.txt;Awesome hacking Home Loan Account;West Virginia;YELLOW;Avon;Representative Sausages;Legacy Ranch;Chicken structure Bacon;transmit scalable Accounts;Moldova;Savings Account primary;Pants web services;Friedrich12@yahoo.com;../fake-data/blob/hipster.txt;../fake-data/blob/hipster.txt;2020-02-12T12:57:34;2020-02-13T02:19:26
9;23894;479;52667;bluetooth digital;Auto Loan Account Borders;false;2020-02-12T08:59:47;../fake-data/blob/hipster.txt;communities;reciprocal feed;YELLOW;hacking;Grocery;Analyst Springs;Gorgeous Soft Chips Total West Virginia;Savings Account SAS Small;wireless Ergonomic Cotton Ball;Fish International;Guernsey executive;Billy.Gibson@yahoo.com;../fake-data/blob/hipster.txt;../fake-data/blob/hipster.txt;2020-02-12T10:50:09;2020-02-12T22:42:24
10;53389;7908;63069;Shore;Agent functionalities cross-platform;false;2020-02-12T14:17:25;../fake-data/blob/hipster.txt;Integrated;Dynamic;RED;Borders;Pennsylvania;Rhode Island infomediaries;hack;cross-media Auto Loan Account;Cambridgeshire;projection;protocol;Eddie.Rutherford@hotmail.com;../fake-data/blob/hipster.txt;../fake-data/blob/hipster.txt;2020-02-12T12:57:20;2020-02-12T08:20:49
