id;categoryid;userid;productid;evenementid;slug;name;islock;lockdelay;about;title;tag;tagcolor;postalcode;phones;website;facebook;twitter;gplus;linkedin;instagram;email;url;position;othercontacts;otherfields;createdat;updatedat
1;46263;78446;58936;94801;Bahamian Dollar;Ball International;true;2020-02-12T21:33:19;../fake-data/blob/hipster.txt;6th generation;ADP;GREEN;Idaho Administrator deposit;value-added;recontextualize hardware invoice;plum;invoice;Reverse-engineered Books;Awesome Hat;HDD;Merl77@yahoo.com;http://camilla.com;49685;../fake-data/blob/hipster.txt;../fake-data/blob/hipster.txt;2020-02-12T09:15:05;2020-02-13T06:00:25
2;63133;63102;69429;57338;COM payment;PNG;true;2020-02-12T13:42:34;../fake-data/blob/hipster.txt;Chief Future Tuna;Money Market Account;BLACK;Unbranded Metal Sausages Home viral;paradigms infrastructures Sports;Soap bus;Corners gold;didactic Stand-alone Texas;Nigeria;interface Practical Cotton Sausages rich;calculate;Bella.Langosh@gmail.com;https://burdette.org;1309;../fake-data/blob/hipster.txt;../fake-data/blob/hipster.txt;2020-02-12T18:17:31;2020-02-12T14:39:39
3;47410;54683;9759;59494;Shoes Consultant;Money Market Account experiences deposit;false;2020-02-12T20:09:20;../fake-data/blob/hipster.txt;Singapore;pink online;BLACK;feed COM;Auto Loan Account;Cheese Handcrafted web-enabled;AGP moderator;budgetary management;firewall;Kids initiative projection;hack Kiribati;Sincere_Stiedemann@hotmail.com;http://herman.com;75046;../fake-data/blob/hipster.txt;../fake-data/blob/hipster.txt;2020-02-12T07:09:31;2020-02-13T02:36:56
4;81741;7577;90369;17236;synthesizing mesh;South Carolina Director;true;2020-02-12T13:28:25;../fake-data/blob/hipster.txt;expedite interface Customer;holistic Tasty Plastic Computer;BLUE;CSS USB;Intelligent;Handcrafted Granite;Customer Assistant Unbranded Plastic Sausages;capacitor Steel Usability;parse web services override;indigo engage;holistic Gorgeous;Torey98@gmail.com;http://barney.biz;48190;../fake-data/blob/hipster.txt;../fake-data/blob/hipster.txt;2020-02-12T14:21:08;2020-02-12T14:02:23
5;96436;46837;46271;31922;Unbranded;drive Gorgeous;true;2020-02-12T11:32:46;../fake-data/blob/hipster.txt;HTTP Plain white;array methodologies indexing;RED;Unbranded Berkshire Tasty Frozen Bacon;payment Movies;Planner benchmark;Avon Configuration HTTP;Samoa;Cambridgeshire synergy exuding;generating Unbranded Fresh Bike database;synthesizing;Jessyca.Jaskolski@hotmail.com;http://luella.org;19205;../fake-data/blob/hipster.txt;../fake-data/blob/hipster.txt;2020-02-12T10:56:48;2020-02-12T09:10:26
6;21073;14180;63403;4615;Green indexing;Associate;true;2020-02-13T06:36:45;../fake-data/blob/hipster.txt;Director Awesome;Turks and Caicos Islands Accountability Avon;RED;Intelligent Checking Account;analyzer;users Licensed;transmitting Operations channels;program Oklahoma;Awesome Steel Bacon;seize bricks-and-clicks;Intuitive withdrawal innovative;Stacey_Breitenberg91@yahoo.com;http://martin.net;41595;../fake-data/blob/hipster.txt;../fake-data/blob/hipster.txt;2020-02-13T06:19:46;2020-02-12T13:59:33
7;26609;7310;67809;25748;Auto Loan Account;Money Market Account Wooden;true;2020-02-12T21:41:23;../fake-data/blob/hipster.txt;Right-sized Wooden;granular;BLACK;Focused;Chicken quantifying product;challenge Plaza Chicken;Arizona;Chips superstructure;quantifying infomediaries;Functionality;Computers Western Sahara supply-chains;Alexanne_Hand19@yahoo.com;https://margaretta.com;24067;../fake-data/blob/hipster.txt;../fake-data/blob/hipster.txt;2020-02-12T17:54:14;2020-02-13T03:04:11
8;96747;93598;43787;43831;Streets;Shirt Table;true;2020-02-13T00:10:44;../fake-data/blob/hipster.txt;Assistant payment;Handmade Concrete Ball transmit back-end;GREEN;Designer Avon Libyan Arab Jamahiriya;sensor product Borders;Checking Account Stand-alone;Music Credit Card Account Saint Vincent and the Grenadines;interface;Games Factors Cambridgeshire;Borders Producer;Frozen Cross-platform;Amiya54@yahoo.com;https://elyssa.net;1163;../fake-data/blob/hipster.txt;../fake-data/blob/hipster.txt;2020-02-13T02:55:08;2020-02-12T20:29:16
9;98052;57450;30565;92521;instruction set;Peso Uruguayo Uruguay Peso en Unidades Indexadas invoice;false;2020-02-12T09:16:00;../fake-data/blob/hipster.txt;solution-oriented synergistic;withdrawal;BLACK;productize;Danish Krone envisioneer;paradigm payment;Tactics withdrawal mindshare;Plastic Massachusetts Cambodia;Illinois Walk Enhanced;ADP Computers;Handcrafted plum;Allison89@yahoo.com;http://fleta.info;95594;../fake-data/blob/hipster.txt;../fake-data/blob/hipster.txt;2020-02-13T00:21:17;2020-02-13T00:17:47
10;53420;49854;52718;68173;wireless Upgradable;Health;true;2020-02-13T01:17:04;../fake-data/blob/hipster.txt;Mouse;connecting;RED;connecting copying interface;reinvent Maine Borders;Garden connect;enhance;withdrawal;Practical Rubber Bacon Bolivar Fuerte Mouse;deposit Uruguay SDD;Central;Linnie_Marquardt50@gmail.com;https://elsa.info;83079;../fake-data/blob/hipster.txt;../fake-data/blob/hipster.txt;2020-02-13T01:51:23;2020-02-12T20:06:54
